[{"model": "admin.logentry", "pk": 1, "fields": {"action_time": "2023-06-06T09:49:18.280Z", "user": 1, "content_type": 6, "object_id": "1", "object_repr": "Shirts", "action_flag": 1, "change_message": "[{\"added\": {}}]"}}, {"model": "admin.logentry", "pk": 2, "fields": {"action_time": "2023-06-06T10:03:30.167Z", "user": 1, "content_type": 6, "object_id": "2", "object_repr": "T-Shirts", "action_flag": 1, "change_message": "[{\"added\": {}}]"}}, {"model": "admin.logentry", "pk": 3, "fields": {"action_time": "2023-06-06T10:05:47.802Z", "user": 1, "content_type": 6, "object_id": "2", "object_repr": "T-Shirts", "action_flag": 2, "change_message": "[]"}}, {"model": "admin.logentry", "pk": 4, "fields": {"action_time": "2023-06-06T10:06:10.648Z", "user": 1, "content_type": 6, "object_id": "1", "object_repr": "Shirts", "action_flag": 2, "change_message": "[{\"changed\": {\"fields\": [\"Cat image\"]}}]"}}, {"model": "admin.logentry", "pk": 5, "fields": {"action_time": "2023-06-06T10:06:16.980Z", "user": 1, "content_type": 6, "object_id": "1", "object_repr": "Shirts", "action_flag": 2, "change_message": "[{\"changed\": {\"fields\": [\"Cat image\"]}}]"}}, {"model": "admin.logentry", "pk": 6, "fields": {"action_time": "2023-06-06T10:08:02.625Z", "user": 1, "content_type": 6, "object_id": "3", "object_repr": "Shoes", "action_flag": 1, "change_message": "[{\"added\": {}}]"}}, {"model": "admin.logentry", "pk": 7, "fields": {"action_time": "2023-06-06T10:09:22.370Z", "user": 1, "content_type": 6, "object_id": "4", "object_repr": "Jeans", "action_flag": 1, "change_message": "[{\"added\": {}}]"}}, {"model": "admin.logentry", "pk": 8, "fields": {"action_time": "2023-06-06T10:10:36.307Z", "user": 1, "content_type": 6, "object_id": "5", "object_repr": "Jackets", "action_flag": 1, "change_message": "[{\"added\": {}}]"}}, {"model": "admin.logentry", "pk": 9, "fields": {"action_time": "2023-06-06T10:12:27.623Z", "user": 1, "content_type": 6, "object_id": "2", "object_repr": "T Shirt", "action_flag": 2, "change_message": "[{\"changed\": {\"fields\": [\"Category name\"]}}]"}}, {"model": "admin.logentry", "pk": 10, "fields": {"action_time": "2023-06-06T10:13:01.761Z", "user": 1, "content_type": 6, "object_id": "2", "object_repr": "T Shirt", "action_flag": 2, "change_message": "[]"}}, {"model": "admin.logentry", "pk": 11, "fields": {"action_time": "2023-06-06T10:13:26.760Z", "user": 1, "content_type": 6, "object_id": "2", "object_repr": "T Shirt", "action_flag": 2, "change_message": "[{\"changed\": {\"fields\": [\"Slug\"]}}]"}}, {"model": "admin.logentry", "pk": 12, "fields": {"action_time": "2023-06-06T10:13:30.973Z", "user": 1, "content_type": 6, "object_id": "2", "object_repr": "T Shirt", "action_flag": 2, "change_message": "[]"}}, {"model": "admin.logentry", "pk": 13, "fields": {"action_time": "2023-06-07T06:35:19.012Z", "user": 1, "content_type": 8, "object_id": "1", "object_repr": "ATX Jeans", "action_flag": 1, "change_message": "[{\"added\": {}}]"}}, {"model": "admin.logentry", "pk": 14, "fields": {"action_time": "2023-06-07T06:41:11.742Z", "user": 1, "content_type": 8, "object_id": "2", "object_repr": "Wrangler shirt", "action_flag": 1, "change_message": "[{\"added\": {}}]"}}, {"model": "admin.logentry", "pk": 15, "fields": {"action_time": "2023-06-07T06:43:44.346Z", "user": 1, "content_type": 8, "object_id": "3", "object_repr": "US POLO ASSN Jacket", "action_flag": 1, "change_message": "[{\"added\": {}}]"}}, {"model": "admin.logentry", "pk": 16, "fields": {"action_time": "2023-06-07T06:46:42.192Z", "user": 1, "content_type": 8, "object_id": "4", "object_repr": "Puma Ferrari Shoes", "action_flag": 1, "change_message": "[{\"added\": {}}]"}}, {"model": "admin.logentry", "pk": 17, "fields": {"action_time": "2023-06-07T06:49:13.691Z", "user": 1, "content_type": 8, "object_id": "5", "object_repr": "Mavi Jeans", "action_flag": 1, "change_message": "[{\"added\": {}}]"}}, {"model": "admin.logentry", "pk": 18, "fields": {"action_time": "2023-06-07T06:51:34.531Z", "user": 1, "content_type": 8, "object_id": "6", "object_repr": "Jordan Basketball Shoes", "action_flag": 1, "change_message": "[{\"added\": {}}]"}}, {"model": "admin.logentry", "pk": 19, "fields": {"action_time": "2023-06-07T06:55:05.802Z", "user": 1, "content_type": 8, "object_id": "7", "object_repr": "Great Tshirt", "action_flag": 1, "change_message": "[{\"added\": {}}]"}}, {"model": "admin.logentry", "pk": 20, "fields": {"action_time": "2023-06-07T06:57:49.767Z", "user": 1, "content_type": 8, "object_id": "8", "object_repr": "RXN Blue Shirt", "action_flag": 1, "change_message": "[{\"added\": {}}]"}}, {"model": "admin.logentry", "pk": 21, "fields": {"action_time": "2023-06-09T07:28:49.703Z", "user": 1, "content_type": 8, "object_id": "7", "object_repr": "Great Tshirt", "action_flag": 2, "change_message": "[{\"changed\": {\"fields\": [\"Stock\"]}}]"}}, {"model": "admin.logentry", "pk": 22, "fields": {"action_time": "2023-07-04T07:33:52.563Z", "user": 1, "content_type": 11, "object_id": "1", "object_repr": "Variation object (1)", "action_flag": 1, "change_message": "[{\"added\": {}}]"}}, {"model": "admin.logentry", "pk": 23, "fields": {"action_time": "2023-07-04T07:34:46.065Z", "user": 1, "content_type": 11, "object_id": "2", "object_repr": "Variation object (2)", "action_flag": 1, "change_message": "[{\"added\": {}}]"}}, {"model": "admin.logentry", "pk": 24, "fields": {"action_time": "2023-07-04T07:35:16.714Z", "user": 1, "content_type": 11, "object_id": "3", "object_repr": "Variation object (3)", "action_flag": 1, "change_message": "[{\"added\": {}}]"}}, {"model": "admin.logentry", "pk": 25, "fields": {"action_time": "2023-07-04T08:06:00.193Z", "user": 1, "content_type": 11, "object_id": "1", "object_repr": "Variation object (1)", "action_flag": 2, "change_message": "[{\"changed\": {\"fields\": [\"Variation value\"]}}]"}}, {"model": "admin.logentry", "pk": 26, "fields": {"action_time": "2023-07-04T08:47:07.425Z", "user": 1, "content_type": 11, "object_id": "4", "object_repr": "Variation object (4)", "action_flag": 1, "change_message": "[{\"added\": {}}]"}}, {"model": "admin.logentry", "pk": 27, "fields": {"action_time": "2023-07-04T08:47:21.658Z", "user": 1, "content_type": 11, "object_id": "5", "object_repr": "Variation object (5)", "action_flag": 1, "change_message": "[{\"added\": {}}]"}}, {"model": "admin.logentry", "pk": 28, "fields": {"action_time": "2023-07-04T08:47:31.574Z", "user": 1, "content_type": 11, "object_id": "6", "object_repr": "Variation object (6)", "action_flag": 1, "change_message": "[{\"added\": {}}]"}}, {"model": "admin.logentry", "pk": 29, "fields": {"action_time": "2023-07-05T09:30:29.660Z", "user": 1, "content_type": 10, "object_id": "33", "object_repr": "CartItem object (33)", "action_flag": 3, "change_message": ""}}, {"model": "admin.logentry", "pk": 30, "fields": {"action_time": "2023-07-05T09:30:29.668Z", "user": 1, "content_type": 10, "object_id": "32", "object_repr": "CartItem object (32)", "action_flag": 3, "change_message": ""}}, {"model": "admin.logentry", "pk": 31, "fields": {"action_time": "2023-07-05T09:30:29.673Z", "user": 1, "content_type": 10, "object_id": "31", "object_repr": "CartItem object (31)", "action_flag": 3, "change_message": ""}}, {"model": "admin.logentry", "pk": 32, "fields": {"action_time": "2023-07-07T12:29:46.479Z", "user": 1, "content_type": 7, "object_id": "13", "object_repr": "apiautomation61@gmail.com", "action_flag": 3, "change_message": ""}}, {"model": "admin.logentry", "pk": 33, "fields": {"action_time": "2023-07-10T07:28:53.842Z", "user": 1, "content_type": 7, "object_id": "14", "object_repr": "apiautomation61@gmail.com", "action_flag": 3, "change_message": ""}}, {"model": "admin.logentry", "pk": 34, "fields": {"action_time": "2023-07-10T07:46:34.594Z", "user": 1, "content_type": 7, "object_id": "15", "object_repr": "apiautomation61@gmail.com", "action_flag": 3, "change_message": ""}}, {"model": "admin.logentry", "pk": 35, "fields": {"action_time": "2023-07-10T07:50:38.193Z", "user": 1, "content_type": 7, "object_id": "16", "object_repr": "apiautomation61@gmail.com", "action_flag": 3, "change_message": ""}}, {"model": "admin.logentry", "pk": 36, "fields": {"action_time": "2023-07-10T08:08:49.937Z", "user": 1, "content_type": 7, "object_id": "17", "object_repr": "apiautomation61@gmail.com", "action_flag": 3, "change_message": ""}}, {"model": "admin.logentry", "pk": 37, "fields": {"action_time": "2023-07-10T08:15:47.238Z", "user": 1, "content_type": 7, "object_id": "18", "object_repr": "apiautomation61@gmail.com", "action_flag": 3, "change_message": ""}}, {"model": "admin.logentry", "pk": 38, "fields": {"action_time": "2023-07-10T09:23:37.386Z", "user": 1, "content_type": 7, "object_id": "19", "object_repr": "apiautomation61@gmail.com", "action_flag": 3, "change_message": ""}}, {"model": "admin.logentry", "pk": 39, "fields": {"action_time": "2023-07-10T09:23:45.118Z", "user": 1, "content_type": 7, "object_id": "12", "object_repr": "indarov.1986@abv.bg", "action_flag": 3, "change_message": ""}}, {"model": "admin.logentry", "pk": 40, "fields": {"action_time": "2023-07-10T09:35:48.262Z", "user": 1, "content_type": 7, "object_id": "20", "object_repr": "apiautomation61@gmail.com", "action_flag": 3, "change_message": ""}}, {"model": "admin.logentry", "pk": 41, "fields": {"action_time": "2023-07-11T07:02:35.397Z", "user": 1, "content_type": 7, "object_id": "21", "object_repr": "apiautomation61@gmail.com", "action_flag": 3, "change_message": ""}}, {"model": "admin.logentry", "pk": 42, "fields": {"action_time": "2023-07-11T07:11:49.415Z", "user": 1, "content_type": 7, "object_id": "22", "object_repr": "apiautomation61@gmail.com", "action_flag": 3, "change_message": ""}}, {"model": "admin.logentry", "pk": 43, "fields": {"action_time": "2023-07-11T07:37:10.649Z", "user": 1, "content_type": 7, "object_id": "24", "object_repr": "apiautomation@abv.bg", "action_flag": 3, "change_message": ""}}, {"model": "admin.logentry", "pk": 44, "fields": {"action_time": "2023-07-11T07:37:15.985Z", "user": 1, "content_type": 7, "object_id": "23", "object_repr": "indarov.1986@abv.bg", "action_flag": 3, "change_message": ""}}, {"model": "admin.logentry", "pk": 45, "fields": {"action_time": "2023-07-11T08:23:00.634Z", "user": 1, "content_type": 7, "object_id": "26", "object_repr": "tania@gmail.com", "action_flag": 3, "change_message": ""}}, {"model": "admin.logentry", "pk": 46, "fields": {"action_time": "2023-07-11T08:23:00.641Z", "user": 1, "content_type": 7, "object_id": "25", "object_repr": "indarov.1986@abv.bg", "action_flag": 3, "change_message": ""}}, {"model": "admin.logentry", "pk": 47, "fields": {"action_time": "2023-07-11T09:19:05.294Z", "user": 1, "content_type": 7, "object_id": "27", "object_repr": "apiautomation61@gmail.com", "action_flag": 3, "change_message": ""}}, {"model": "admin.logentry", "pk": 48, "fields": {"action_time": "2023-07-13T08:36:13.992Z", "user": 1, "content_type": 10, "object_id": "46", "object_repr": "CartItem object (46)", "action_flag": 3, "change_message": ""}}, {"model": "admin.logentry", "pk": 49, "fields": {"action_time": "2023-07-13T08:36:14.001Z", "user": 1, "content_type": 10, "object_id": "45", "object_repr": "CartItem object (45)", "action_flag": 3, "change_message": ""}}, {"model": "admin.logentry", "pk": 50, "fields": {"action_time": "2023-07-13T08:36:14.007Z", "user": 1, "content_type": 10, "object_id": "44", "object_repr": "CartItem object (44)", "action_flag": 3, "change_message": ""}}, {"model": "admin.logentry", "pk": 51, "fields": {"action_time": "2023-07-13T08:36:14.013Z", "user": 1, "content_type": 10, "object_id": "43", "object_repr": "CartItem object (43)", "action_flag": 3, "change_message": ""}}, {"model": "admin.logentry", "pk": 52, "fields": {"action_time": "2023-07-13T08:36:14.020Z", "user": 1, "content_type": 10, "object_id": "40", "object_repr": "CartItem object (40)", "action_flag": 3, "change_message": ""}}, {"model": "admin.logentry", "pk": 53, "fields": {"action_time": "2023-07-13T08:36:14.026Z", "user": 1, "content_type": 10, "object_id": "6", "object_repr": "CartItem object (6)", "action_flag": 3, "change_message": ""}}, {"model": "admin.logentry", "pk": 54, "fields": {"action_time": "2023-07-13T08:36:14.034Z", "user": 1, "content_type": 10, "object_id": "4", "object_repr": "CartItem object (4)", "action_flag": 3, "change_message": ""}}, {"model": "admin.logentry", "pk": 55, "fields": {"action_time": "2023-07-13T08:36:14.040Z", "user": 1, "content_type": 10, "object_id": "3", "object_repr": "CartItem object (3)", "action_flag": 3, "change_message": ""}}, {"model": "admin.logentry", "pk": 56, "fields": {"action_time": "2023-07-13T08:36:14.047Z", "user": 1, "content_type": 10, "object_id": "2", "object_repr": "CartItem object (2)", "action_flag": 3, "change_message": ""}}, {"model": "admin.logentry", "pk": 57, "fields": {"action_time": "2023-07-13T09:07:37.022Z", "user": 1, "content_type": 9, "object_id": "11", "object_repr": "0fecq52zi8odgqi4p0sevic1qi40sb1l", "action_flag": 3, "change_message": ""}}, {"model": "admin.logentry", "pk": 58, "fields": {"action_time": "2023-07-13T09:07:37.029Z", "user": 1, "content_type": 9, "object_id": "10", "object_repr": "iumwd3hqnjai84fcb6me1eie324ma08q", "action_flag": 3, "change_message": ""}}, {"model": "admin.logentry", "pk": 59, "fields": {"action_time": "2023-07-13T09:07:37.035Z", "user": 1, "content_type": 9, "object_id": "9", "object_repr": "3svp0bny264v66x4ead0wma8mkwobbme", "action_flag": 3, "change_message": ""}}, {"model": "admin.logentry", "pk": 60, "fields": {"action_time": "2023-07-13T09:07:37.041Z", "user": 1, "content_type": 9, "object_id": "8", "object_repr": "u3z2hi69vwo5cgeqhizrjilxwk238oq8", "action_flag": 3, "change_message": ""}}, {"model": "admin.logentry", "pk": 61, "fields": {"action_time": "2023-07-13T09:07:37.048Z", "user": 1, "content_type": 9, "object_id": "7", "object_repr": "lqm4i2n2m6tmx6x2v27x3b255yp4bqfl", "action_flag": 3, "change_message": ""}}, {"model": "admin.logentry", "pk": 62, "fields": {"action_time": "2023-07-13T09:07:37.055Z", "user": 1, "content_type": 9, "object_id": "6", "object_repr": "7gn23129gye9y96o5kf236t1ag7ghzz4", "action_flag": 3, "change_message": ""}}, {"model": "admin.logentry", "pk": 63, "fields": {"action_time": "2023-07-13T09:07:37.061Z", "user": 1, "content_type": 9, "object_id": "5", "object_repr": "tlyniw19z0apy4g5lo6f2bbdg220mak6", "action_flag": 3, "change_message": ""}}, {"model": "admin.logentry", "pk": 64, "fields": {"action_time": "2023-07-13T09:07:37.066Z", "user": 1, "content_type": 9, "object_id": "4", "object_repr": "i8wykasxldq6wyqfqj72r5f8ekrthpf5", "action_flag": 3, "change_message": ""}}, {"model": "admin.logentry", "pk": 65, "fields": {"action_time": "2023-07-13T09:07:37.073Z", "user": 1, "content_type": 9, "object_id": "3", "object_repr": "2a3t98dciz403mlfsv7qry1ayjthdny4", "action_flag": 3, "change_message": ""}}, {"model": "admin.logentry", "pk": 66, "fields": {"action_time": "2023-07-13T09:07:37.079Z", "user": 1, "content_type": 9, "object_id": "2", "object_repr": "o6ikfugwqryyu24i5wpa8fp9gk8bgibx", "action_flag": 3, "change_message": ""}}, {"model": "admin.logentry", "pk": 67, "fields": {"action_time": "2023-07-13T09:07:37.086Z", "user": 1, "content_type": 9, "object_id": "1", "object_repr": "0631ucayy9mfqnfq19ytf4ixmazmk4mg", "action_flag": 3, "change_message": ""}}, {"model": "admin.logentry", "pk": 68, "fields": {"action_time": "2023-07-18T06:41:21.075Z", "user": 1, "content_type": 8, "object_id": "1", "object_repr": "ATX Jeans", "action_flag": 2, "change_message": "[{\"changed\": {\"fields\": [\"Price\"]}}]"}}, {"model": "admin.logentry", "pk": 69, "fields": {"action_time": "2023-07-19T12:35:16.229Z", "user": 1, "content_type": 15, "object_id": "1", "object_repr": "Super Jeans", "action_flag": 2, "change_message": "[]"}}, {"model": "admin.logentry", "pk": 70, "fields": {"action_time": "2023-07-24T09:20:24.650Z", "user": 1, "content_type": 15, "object_id": "1", "object_repr": "Super Jeans Update", "action_flag": 2, "change_message": "[{\"changed\": {\"fields\": [\"Rating\"]}}]"}}, {"model": "admin.logentry", "pk": 71, "fields": {"action_time": "2023-07-25T07:08:29.098Z", "user": 1, "content_type": 7, "object_id": "1", "object_repr": "indarov.1986@gmail.com", "action_flag": 2, "change_message": "[{\"changed\": {\"fields\": [\"Phone number\"]}}]"}}, {"model": "admin.logentry", "pk": 72, "fields": {"action_time": "2023-07-25T08:46:30.192Z", "user": 1, "content_type": 16, "object_id": "1", "object_repr": "Lachezar", "action_flag": 1, "change_message": "[{\"added\": {}}]"}}, {"model": "admin.logentry", "pk": 73, "fields": {"action_time": "2023-07-25T08:46:53.507Z", "user": 1, "content_type": 16, "object_id": "1", "object_repr": "Lachezar", "action_flag": 2, "change_message": "[]"}}, {"model": "admin.logentry", "pk": 74, "fields": {"action_time": "2023-07-25T08:46:56.814Z", "user": 1, "content_type": 16, "object_id": "1", "object_repr": "Lachezar", "action_flag": 2, "change_message": "[]"}}, {"model": "admin.logentry", "pk": 75, "fields": {"action_time": "2023-07-26T10:45:58.621Z", "user": 1, "content_type": 16, "object_id": "2", "object_repr": "API", "action_flag": 1, "change_message": "[{\"added\": {}}]"}}, {"model": "admin.logentry", "pk": 76, "fields": {"action_time": "2023-07-26T13:00:53.692Z", "user": 1, "content_type": 8, "object_id": "1", "object_repr": "ATX Jeans", "action_flag": 2, "change_message": "[{\"added\": {\"name\": \"productgallery \", \"object\": \"ATX Jeans\"}}]"}}, {"model": "admin.logentry", "pk": 77, "fields": {"action_time": "2023-07-27T07:30:08.972Z", "user": 1, "content_type": 8, "object_id": "1", "object_repr": "ATX Jeans", "action_flag": 2, "change_message": "[{\"deleted\": {\"name\": \"productgallery \", \"object\": \"ATX Jeans\"}}]"}}, {"model": "admin.logentry", "pk": 78, "fields": {"action_time": "2023-07-27T07:32:06.603Z", "user": 1, "content_type": 8, "object_id": "1", "object_repr": "ATX Jeans", "action_flag": 2, "change_message": "[{\"added\": {\"name\": \"productgallery \", \"object\": \"ATX Jeans\"}}]"}}, {"model": "admin.logentry", "pk": 79, "fields": {"action_time": "2023-07-27T07:32:24.284Z", "user": 1, "content_type": 8, "object_id": "1", "object_repr": "ATX Jeans", "action_flag": 2, "change_message": "[{\"added\": {\"name\": \"productgallery \", \"object\": \"ATX Jeans\"}}]"}}, {"model": "admin.logentry", "pk": 80, "fields": {"action_time": "2023-07-27T07:33:10.505Z", "user": 1, "content_type": 8, "object_id": "1", "object_repr": "ATX Jeans", "action_flag": 2, "change_message": "[{\"deleted\": {\"name\": \"productgallery \", \"object\": \"ATX Jeans\"}}]"}}, {"model": "admin.logentry", "pk": 81, "fields": {"action_time": "2023-07-27T07:34:25.086Z", "user": 1, "content_type": 8, "object_id": "1", "object_repr": "ATX Jeans", "action_flag": 2, "change_message": "[{\"deleted\": {\"name\": \"productgallery \", \"object\": \"ATX Jeans\"}}]"}}, {"model": "admin.logentry", "pk": 82, "fields": {"action_time": "2023-07-27T07:34:44.281Z", "user": 1, "content_type": 8, "object_id": "1", "object_repr": "ATX Jeans", "action_flag": 2, "change_message": "[{\"added\": {\"name\": \"productgallery \", \"object\": \"ATX Jeans\"}}]"}}, {"model": "admin.logentry", "pk": 83, "fields": {"action_time": "2023-07-27T07:53:21.352Z", "user": 1, "content_type": 8, "object_id": "1", "object_repr": "ATX Jeans", "action_flag": 2, "change_message": "[{\"deleted\": {\"name\": \"productgallery \", \"object\": \"ATX Jeans\"}}]"}}, {"model": "admin.logentry", "pk": 84, "fields": {"action_time": "2023-07-27T07:57:09.700Z", "user": 1, "content_type": 8, "object_id": "1", "object_repr": "ATX Jeans", "action_flag": 2, "change_message": "[{\"added\": {\"name\": \"productgallery \", \"object\": \"ATX Jeans\"}}]"}}, {"model": "admin.logentry", "pk": 85, "fields": {"action_time": "2023-07-27T07:58:48.844Z", "user": 1, "content_type": 8, "object_id": "1", "object_repr": "ATX Jeans", "action_flag": 2, "change_message": "[{\"added\": {\"name\": \"productgallery \", \"object\": \"ATX Jeans\"}}]"}}, {"model": "auth.permission", "pk": 1, "fields": {"name": "Can add log entry", "content_type": 1, "codename": "add_logentry"}}, {"model": "auth.permission", "pk": 2, "fields": {"name": "Can change log entry", "content_type": 1, "codename": "change_logentry"}}, {"model": "auth.permission", "pk": 3, "fields": {"name": "Can delete log entry", "content_type": 1, "codename": "delete_logentry"}}, {"model": "auth.permission", "pk": 4, "fields": {"name": "Can view log entry", "content_type": 1, "codename": "view_logentry"}}, {"model": "auth.permission", "pk": 5, "fields": {"name": "Can add permission", "content_type": 2, "codename": "add_permission"}}, {"model": "auth.permission", "pk": 6, "fields": {"name": "Can change permission", "content_type": 2, "codename": "change_permission"}}, {"model": "auth.permission", "pk": 7, "fields": {"name": "Can delete permission", "content_type": 2, "codename": "delete_permission"}}, {"model": "auth.permission", "pk": 8, "fields": {"name": "Can view permission", "content_type": 2, "codename": "view_permission"}}, {"model": "auth.permission", "pk": 9, "fields": {"name": "Can add group", "content_type": 3, "codename": "add_group"}}, {"model": "auth.permission", "pk": 10, "fields": {"name": "Can change group", "content_type": 3, "codename": "change_group"}}, {"model": "auth.permission", "pk": 11, "fields": {"name": "Can delete group", "content_type": 3, "codename": "delete_group"}}, {"model": "auth.permission", "pk": 12, "fields": {"name": "Can view group", "content_type": 3, "codename": "view_group"}}, {"model": "auth.permission", "pk": 13, "fields": {"name": "Can add content type", "content_type": 4, "codename": "add_contenttype"}}, {"model": "auth.permission", "pk": 14, "fields": {"name": "Can change content type", "content_type": 4, "codename": "change_contenttype"}}, {"model": "auth.permission", "pk": 15, "fields": {"name": "Can delete content type", "content_type": 4, "codename": "delete_contenttype"}}, {"model": "auth.permission", "pk": 16, "fields": {"name": "Can view content type", "content_type": 4, "codename": "view_contenttype"}}, {"model": "auth.permission", "pk": 17, "fields": {"name": "Can add session", "content_type": 5, "codename": "add_session"}}, {"model": "auth.permission", "pk": 18, "fields": {"name": "Can change session", "content_type": 5, "codename": "change_session"}}, {"model": "auth.permission", "pk": 19, "fields": {"name": "Can delete session", "content_type": 5, "codename": "delete_session"}}, {"model": "auth.permission", "pk": 20, "fields": {"name": "Can view session", "content_type": 5, "codename": "view_session"}}, {"model": "auth.permission", "pk": 21, "fields": {"name": "Can add category", "content_type": 6, "codename": "add_category"}}, {"model": "auth.permission", "pk": 22, "fields": {"name": "Can change category", "content_type": 6, "codename": "change_category"}}, {"model": "auth.permission", "pk": 23, "fields": {"name": "Can delete category", "content_type": 6, "codename": "delete_category"}}, {"model": "auth.permission", "pk": 24, "fields": {"name": "Can view category", "content_type": 6, "codename": "view_category"}}, {"model": "auth.permission", "pk": 25, "fields": {"name": "Can add account", "content_type": 7, "codename": "add_account"}}, {"model": "auth.permission", "pk": 26, "fields": {"name": "Can change account", "content_type": 7, "codename": "change_account"}}, {"model": "auth.permission", "pk": 27, "fields": {"name": "Can delete account", "content_type": 7, "codename": "delete_account"}}, {"model": "auth.permission", "pk": 28, "fields": {"name": "Can view account", "content_type": 7, "codename": "view_account"}}, {"model": "auth.permission", "pk": 29, "fields": {"name": "Can add product", "content_type": 8, "codename": "add_product"}}, {"model": "auth.permission", "pk": 30, "fields": {"name": "Can change product", "content_type": 8, "codename": "change_product"}}, {"model": "auth.permission", "pk": 31, "fields": {"name": "Can delete product", "content_type": 8, "codename": "delete_product"}}, {"model": "auth.permission", "pk": 32, "fields": {"name": "Can view product", "content_type": 8, "codename": "view_product"}}, {"model": "auth.permission", "pk": 33, "fields": {"name": "Can add cart", "content_type": 9, "codename": "add_cart"}}, {"model": "auth.permission", "pk": 34, "fields": {"name": "Can change cart", "content_type": 9, "codename": "change_cart"}}, {"model": "auth.permission", "pk": 35, "fields": {"name": "Can delete cart", "content_type": 9, "codename": "delete_cart"}}, {"model": "auth.permission", "pk": 36, "fields": {"name": "Can view cart", "content_type": 9, "codename": "view_cart"}}, {"model": "auth.permission", "pk": 37, "fields": {"name": "Can add cartitem", "content_type": 10, "codename": "add_cartitem"}}, {"model": "auth.permission", "pk": 38, "fields": {"name": "Can change cartitem", "content_type": 10, "codename": "change_cartitem"}}, {"model": "auth.permission", "pk": 39, "fields": {"name": "Can delete cartitem", "content_type": 10, "codename": "delete_cartitem"}}, {"model": "auth.permission", "pk": 40, "fields": {"name": "Can view cartitem", "content_type": 10, "codename": "view_cartitem"}}, {"model": "auth.permission", "pk": 41, "fields": {"name": "Can add variation", "content_type": 11, "codename": "add_variation"}}, {"model": "auth.permission", "pk": 42, "fields": {"name": "Can change variation", "content_type": 11, "codename": "change_variation"}}, {"model": "auth.permission", "pk": 43, "fields": {"name": "Can delete variation", "content_type": 11, "codename": "delete_variation"}}, {"model": "auth.permission", "pk": 44, "fields": {"name": "Can view variation", "content_type": 11, "codename": "view_variation"}}, {"model": "auth.permission", "pk": 45, "fields": {"name": "Can add payment", "content_type": 12, "codename": "add_payment"}}, {"model": "auth.permission", "pk": 46, "fields": {"name": "Can change payment", "content_type": 12, "codename": "change_payment"}}, {"model": "auth.permission", "pk": 47, "fields": {"name": "Can delete payment", "content_type": 12, "codename": "delete_payment"}}, {"model": "auth.permission", "pk": 48, "fields": {"name": "Can view payment", "content_type": 12, "codename": "view_payment"}}, {"model": "auth.permission", "pk": 49, "fields": {"name": "Can add order product", "content_type": 13, "codename": "add_orderproduct"}}, {"model": "auth.permission", "pk": 50, "fields": {"name": "Can change order product", "content_type": 13, "codename": "change_orderproduct"}}, {"model": "auth.permission", "pk": 51, "fields": {"name": "Can delete order product", "content_type": 13, "codename": "delete_orderproduct"}}, {"model": "auth.permission", "pk": 52, "fields": {"name": "Can view order product", "content_type": 13, "codename": "view_orderproduct"}}, {"model": "auth.permission", "pk": 53, "fields": {"name": "Can add order", "content_type": 14, "codename": "add_order"}}, {"model": "auth.permission", "pk": 54, "fields": {"name": "Can change order", "content_type": 14, "codename": "change_order"}}, {"model": "auth.permission", "pk": 55, "fields": {"name": "Can delete order", "content_type": 14, "codename": "delete_order"}}, {"model": "auth.permission", "pk": 56, "fields": {"name": "Can view order", "content_type": 14, "codename": "view_order"}}, {"model": "auth.permission", "pk": 57, "fields": {"name": "Can add review rating", "content_type": 15, "codename": "add_reviewrating"}}, {"model": "auth.permission", "pk": 58, "fields": {"name": "Can change review rating", "content_type": 15, "codename": "change_reviewrating"}}, {"model": "auth.permission", "pk": 59, "fields": {"name": "Can delete review rating", "content_type": 15, "codename": "delete_reviewrating"}}, {"model": "auth.permission", "pk": 60, "fields": {"name": "Can view review rating", "content_type": 15, "codename": "view_reviewrating"}}, {"model": "auth.permission", "pk": 61, "fields": {"name": "Can add user profile", "content_type": 16, "codename": "add_userprofile"}}, {"model": "auth.permission", "pk": 62, "fields": {"name": "Can change user profile", "content_type": 16, "codename": "change_userprofile"}}, {"model": "auth.permission", "pk": 63, "fields": {"name": "Can delete user profile", "content_type": 16, "codename": "delete_userprofile"}}, {"model": "auth.permission", "pk": 64, "fields": {"name": "Can view user profile", "content_type": 16, "codename": "view_userprofile"}}, {"model": "auth.permission", "pk": 65, "fields": {"name": "Can add product gallery", "content_type": 17, "codename": "add_productgallery"}}, {"model": "auth.permission", "pk": 66, "fields": {"name": "Can change product gallery", "content_type": 17, "codename": "change_productgallery"}}, {"model": "auth.permission", "pk": 67, "fields": {"name": "Can delete product gallery", "content_type": 17, "codename": "delete_productgallery"}}, {"model": "auth.permission", "pk": 68, "fields": {"name": "Can view product gallery", "content_type": 17, "codename": "view_productgallery"}}, {"model": "auth.permission", "pk": 69, "fields": {"name": "Can add login attempt", "content_type": 18, "codename": "add_loginattempt"}}, {"model": "auth.permission", "pk": 70, "fields": {"name": "Can change login attempt", "content_type": 18, "codename": "change_loginattempt"}}, {"model": "auth.permission", "pk": 71, "fields": {"name": "Can delete login attempt", "content_type": 18, "codename": "delete_loginattempt"}}, {"model": "auth.permission", "pk": 72, "fields": {"name": "Can view login attempt", "content_type": 18, "codename": "view_loginattempt"}}, {"model": "contenttypes.contenttype", "pk": 1, "fields": {"app_label": "admin", "model": "logentry"}}, {"model": "contenttypes.contenttype", "pk": 2, "fields": {"app_label": "auth", "model": "permission"}}, {"model": "contenttypes.contenttype", "pk": 3, "fields": {"app_label": "auth", "model": "group"}}, {"model": "contenttypes.contenttype", "pk": 4, "fields": {"app_label": "contenttypes", "model": "contenttype"}}, {"model": "contenttypes.contenttype", "pk": 5, "fields": {"app_label": "sessions", "model": "session"}}, {"model": "contenttypes.contenttype", "pk": 6, "fields": {"app_label": "category", "model": "category"}}, {"model": "contenttypes.contenttype", "pk": 7, "fields": {"app_label": "accounts", "model": "account"}}, {"model": "contenttypes.contenttype", "pk": 8, "fields": {"app_label": "store", "model": "product"}}, {"model": "contenttypes.contenttype", "pk": 9, "fields": {"app_label": "carts", "model": "cart"}}, {"model": "contenttypes.contenttype", "pk": 10, "fields": {"app_label": "carts", "model": "cartitem"}}, {"model": "contenttypes.contenttype", "pk": 11, "fields": {"app_label": "store", "model": "variation"}}, {"model": "contenttypes.contenttype", "pk": 12, "fields": {"app_label": "orders", "model": "payment"}}, {"model": "contenttypes.contenttype", "pk": 13, "fields": {"app_label": "orders", "model": "orderproduct"}}, {"model": "contenttypes.contenttype", "pk": 14, "fields": {"app_label": "orders", "model": "order"}}, {"model": "contenttypes.contenttype", "pk": 15, "fields": {"app_label": "store", "model": "reviewrating"}}, {"model": "contenttypes.contenttype", "pk": 16, "fields": {"app_label": "accounts", "model": "userprofile"}}, {"model": "contenttypes.contenttype", "pk": 17, "fields": {"app_label": "store", "model": "productgallery"}}, {"model": "contenttypes.contenttype", "pk": 18, "fields": {"app_label": "admin_honeypot", "model": "loginattempt"}}, {"model": "sessions.session", "pk": "0631ucayy9mfqnfq19ytf4ixmazmk4mg", "fields": {"session_data": ".eJxVjMsOwiAQRf-FtSHA8HTpvt9ABhilaiAp7cr479qkC93ec859sYjbWuM2aIlzYWcm2el3S5gf1HZQ7thunefe1mVOfFf4QQefeqHn5XD_DiqO-q0tKi9t0DIbTYEsgAZljPdKI_lE2ZEIyiWVzdUJIzT4YLwWCABFicLeH60kNlg:1q7aUl:l9ZJ-EPrcCEMq-mMhhl6iLtlD_V2l0i_nbuuo4MJPG8", "expire_date": "2023-06-23T11:41:31.001Z"}}, {"model": "sessions.session", "pk": "4ipe4byhsg1wr6embzwg2bs32xsusnic", "fields": {"session_data": ".eJxVjssOgyAQRf-FdUNwBgRddt9vIDymlbZCI7hq-u_VxI3be-7ry2ylWlPJNuXUbEsz1ebmj2Vj1w_CaA0COQgtlLww69Y22bXSYlNkI-vYSfMuvCjvID5dfhQeSm5L8ny38INWfiuR3tfDeyqYXJ22dO_AbOuyC0rSQD2iRFDKGJCOjKegSQygPQR1344JiWZQRgqHiBFEZL8_mJlEdQ:1qQkOz:VY_LvjEZwXy7ckQjbsxrcHP-R4vlUcEFRkDMOeNFj0c", "expire_date": "2023-08-15T08:06:45.739Z"}}, {"model": "sessions.session", "pk": "7fyi50v0q0vdq381jh5hieuflrby280r", "fields": {"session_data": "eyJfc2Vzc2lvbl9pbml0X3RpbWVzdGFtcF8iOjE2OTA4ODQ4NzkuNjA4Njg4fQ:1qQmOl:3dwAoX2haQfO1esGyngnyLvATeyW5TXsdc3cDggz1-g", "expire_date": "2023-08-15T10:14:39.627Z"}}, {"model": "sessions.session", "pk": "czfp7om7enxufogm6jlgwqaqrfaq8e60", "fields": {"session_data": "eyJfc2Vzc2lvbl9pbml0X3RpbWVzdGFtcF8iOjE2OTA4OTE5OTYuMzk2MDUxNn0:1qQoFY:EbnhxJ_ue9XL7x3pmQrnPxhJ247eCB4pNRxNNhOJgrs", "expire_date": "2023-08-15T12:13:16.421Z"}}, {"model": "sessions.session", "pk": "fgpdzgfkanxa0s0wkhh50tlf77xdt2um", "fields": {"session_data": "e30:1qM6n3:q_FE1XAVLqd3eejZ7UC0Ob7CEwJtIhuOszDdfTHlwiU", "expire_date": "2023-08-02T13:00:25.715Z"}}, {"model": "sessions.session", "pk": "ft62z2lrnhd1j5fwxmf2l9ttxbl32l7v", "fields": {"session_data": ".eJxVjEsOwjAMBe-SNYriVCYOS_acIXIchxRQK_Wzqrg7VOoCtm9m3mYSr0tL66xT6ou5GE_m9DtmlqcOOykPHu6jlXFYpj7bXbEHne1tLPq6Hu7fQeO5fWtCVfDifBGK6lBiDVA7z4IVglDIAHIm0hI9KRRERnWQPSN0uXPm_QERvTgB:1qOaN1:Zzo4PWgiMu5Phtz42tIP6vvgumgeqhdnUeMVnVB1vYA", "expire_date": "2023-08-09T08:59:47.329Z"}}, {"model": "sessions.session", "pk": "hz149xx6ae481pc2y26kscvewv1x3uci", "fields": {"session_data": "e30:1qQoqK:g0RgpEDt3zQ8T6eX4btgep0u8RkvsJ1IjL8fdAPBTQU", "expire_date": "2023-08-15T12:51:16.931Z"}}, {"model": "sessions.session", "pk": "nyqavd0vu48yyi7aft4m9xcegs0xu60n", "fields": {"session_data": "e30:1qJUyM:zJZD4fOGxIHQSptnUe3xPk2vMQ7d4akUBKg76C_vsg4", "expire_date": "2023-07-26T08:13:18.668Z"}}, {"model": "sessions.session", "pk": "ovphyjpxfypuuyw8wnqoiy1z2y4ni5yr", "fields": {"session_data": ".eJxVjMsOwiAQRf-FtSHA8HTpvt9ABhilaiAp7cr479qkC93ec859sYjbWuM2aIlzYWcm2el3S5gf1HZQ7thunefe1mVOfFf4QQefeqHn5XD_DiqO-q0tKi9t0DIbTYEsgAZljPdKI_lE2ZEIyiWVzdUJIzT4YLwWCABFicLeH60kNlg:1q66Ut:d2M8lZ6D334yC43tYI5c4ALVmm35kQAetTjmRCrk46U", "expire_date": "2023-06-19T09:27:31.698Z"}}, {"model": "sessions.session", "pk": "xikrbip7brm9n3dov6mn9pp1zi3fs1mb", "fields": {"session_data": ".eJxVjDsOwyAQBe9CHSEWvBhcps8ZEJ91TBLjyOAqyt0TS27cvpl5H-Yq1ZqX4nLJzbU8U21-fjs2gLai00JqywGlUrq7MOe3Nrmt0upyYgOThp3G4OOTyk7Sw5f7wuNS2poD3xV-0MpvS6LX9XBPB5Ov0782SAQyCpmisSQw2rGHUUkfcYQ-mj4ARG0MJSsNQUL0SAKC9AgqKMG-Pz4ZRlQ:1qOzwD:_IrZUcf0tDaahS5xkoetAGdLBX-IY7e1ei5IvvZKfCQ", "expire_date": "2023-08-10T12:17:49.168Z"}}, {"model": "category.category", "pk": 1, "fields": {"category_name": "Shirts", "slug": "shirts", "description": "Best shirts from great Shop!", "cat_image": "photos/categories/shirt.jpg"}}, {"model": "category.category", "pk": 2, "fields": {"category_name": "T Shirt", "slug": "t-shirt", "description": "", "cat_image": "photos/categories/tshirt1.jpg"}}, {"model": "category.category", "pk": 3, "fields": {"category_name": "Shoes", "slug": "shoes", "description": "", "cat_image": "photos/categories/shoes.jpg"}}, {"model": "category.category", "pk": 4, "fields": {"category_name": "Jeans", "slug": "jeans", "description": "", "cat_image": "photos/categories/jeans.jpg"}}, {"model": "category.category", "pk": 5, "fields": {"category_name": "Jackets", "slug": "jackets", "description": "", "cat_image": "photos/categories/jackets.jpg"}}, {"model": "accounts.account", "pk": 1, "fields": {"password": "pbkdf2_sha256$216000$Lz50Hoaa2z9A$BArbqgijQG6rgT8f1B7CRBjconRyVwDtOO79fftsVag=", "first_name": "Lachezar", "last_name": "Indarov", "username": "Lachezar", "email": "indarov.1986@gmail.com", "phone_number": "22222222222222", "date_joined": "2023-06-05T09:26:16.173Z", "last_login": "2023-08-01T12:51:11.468Z", "is_admin": true, "is_staff": true, "is_active": true, "is_superadmin": true}}, {"model": "accounts.account", "pk": 2, "fields": {"password": "pbkdf2_sha256$216000$XpJoC5hQ9ANY$f0aVhB01jB7ne+4dnEDKscYdK3rVvWQyXG2ZAchjdgs=", "first_name": "Nikola", "last_name": "Raev", "username": "raev", "email": "raev@gmail.com", "phone_number": "07894561", "date_joined": "2023-07-06T11:23:59.953Z", "last_login": "2023-07-06T11:23:59.953Z", "is_admin": false, "is_staff": false, "is_active": false, "is_superadmin": false}}, {"model": "accounts.account", "pk": 3, "fields": {"password": "pbkdf2_sha256$216000$ciKfi68IIT8H$NkyHtTF7hnkNf8lT9ztc5Z3Kc04HezLOSaCtjc8XHYU=", "first_name": "Radoslav", "last_name": "Bukov", "username": "bukov", "email": "bukov@gmail.com", "phone_number": "0789456157", "date_joined": "2023-07-06T11:30:26.645Z", "last_login": "2023-07-06T11:30:26.646Z", "is_admin": false, "is_staff": false, "is_active": false, "is_superadmin": false}}, {"model": "accounts.account", "pk": 4, "fields": {"password": "pbkdf2_sha256$216000$lBJ1ZzsDuAlA$92GHaA74KA59PWq7lplbUeTlF+ZRmiQ8uXT3liY72+s=", "first_name": "Viktor", "last_name": "Indarov", "username": "viktor", "email": "viktor@gmail.com", "phone_number": "0789456157478", "date_joined": "2023-07-06T13:02:07.831Z", "last_login": "2023-07-06T13:02:07.831Z", "is_admin": false, "is_staff": false, "is_active": false, "is_superadmin": false}}, {"model": "accounts.account", "pk": 5, "fields": {"password": "pbkdf2_sha256$216000$QDJXICxG1U9x$r9ObxI61Z6VoEhSqaUkFyUWZhRegOyDFaQglRcjft0E=", "first_name": "Silvana", "last_name": "Indarova", "username": "silvana", "email": "silvana@gmail.com", "phone_number": "24649849849", "date_joined": "2023-07-06T13:19:33.275Z", "last_login": "2023-07-06T13:19:33.275Z", "is_admin": false, "is_staff": false, "is_active": false, "is_superadmin": false}}, {"model": "accounts.account", "pk": 6, "fields": {"password": "pbkdf2_sha256$216000$QlHjGUs0h0OW$jPsFHW0dHIlGepI5fVjZGPyrB3LOJ+7LmyPJnu8uX1U=", "first_name": "Salzica", "last_name": "Indarova", "username": "salzica", "email": "salzica@gmail.com", "phone_number": "6598498484", "date_joined": "2023-07-06T13:22:10.787Z", "last_login": "2023-07-06T13:22:10.787Z", "is_admin": false, "is_staff": false, "is_active": false, "is_superadmin": false}}, {"model": "accounts.account", "pk": 7, "fields": {"password": "pbkdf2_sha256$216000$x2rygS7es9Su$Pada3jlquTGGLM1mTB8kgKZA5ngX6PAufnPSw4u0GR8=", "first_name": "Ivan", "last_name": "Ivanov", "username": "ivan", "email": "ivan@gmail.com", "phone_number": "5484846465", "date_joined": "2023-07-06T13:28:06.572Z", "last_login": "2023-07-06T13:28:06.572Z", "is_admin": false, "is_staff": false, "is_active": false, "is_superadmin": false}}, {"model": "accounts.account", "pk": 8, "fields": {"password": "pbkdf2_sha256$216000$fbrliZosMjJT$R24ZJwXBgdFBNCX2LaxHV+8JcQCkN1Faflt3AYp45V4=", "first_name": "Dimitar", "last_name": "Petkanski", "username": "dimitar", "email": "dimitar@gmail.com", "phone_number": "949849849898", "date_joined": "2023-07-06T13:30:52.348Z", "last_login": "2023-07-06T13:30:52.348Z", "is_admin": false, "is_staff": false, "is_active": false, "is_superadmin": false}}, {"model": "accounts.account", "pk": 9, "fields": {"password": "pbkdf2_sha256$216000$XUvbr54U2Qon$ZZEHDvjIL7mSgKHQFtYTMjaJO0HKc46dsRaADhLrvB8=", "first_name": "Desislava", "last_name": "Bosakova", "username": "desislava", "email": "desislava@gmail.com", "phone_number": "19891199", "date_joined": "2023-07-06T13:32:14.491Z", "last_login": "2023-07-06T13:32:14.491Z", "is_admin": false, "is_staff": false, "is_active": false, "is_superadmin": false}}, {"model": "accounts.account", "pk": 10, "fields": {"password": "pbkdf2_sha256$216000$tLjF2bUsTf7M$isOXb450tTiLDhCtYXdtl6ZhmlWoRSZbXZGMEAYnXuY=", "first_name": "Milen", "last_name": "Petrov", "username": "milen", "email": "milen@gmail.com", "phone_number": "15121119161", "date_joined": "2023-07-06T13:39:04.734Z", "last_login": "2023-07-06T13:39:04.734Z", "is_admin": false, "is_staff": false, "is_active": false, "is_superadmin": false}}, {"model": "accounts.account", "pk": 11, "fields": {"password": "pbkdf2_sha256$216000$IxIaHf9blfV7$tgdjsbF4tqUVhJ8622o9EpeAjnQ1uCjSn3vgC9nZoMs=", "first_name": "Petar", "last_name": "Petrov", "username": "petar", "email": "petar@gmail.com", "phone_number": "54845665466", "date_joined": "2023-07-07T06:47:13.585Z", "last_login": "2023-07-07T06:47:13.586Z", "is_admin": false, "is_staff": false, "is_active": false, "is_superadmin": false}}, {"model": "accounts.account", "pk": 28, "fields": {"password": "pbkdf2_sha256$216000$a7s0s2lFsaAm$X6YY3o18L+Nd4Gv8gEM2iN2aBmHnrz+yKxrQqv0w47s=", "first_name": "API", "last_name": "AUTOMATION", "username": "apiautomation61", "email": "apiautomation61@gmail.com", "phone_number": "44844494984", "date_joined": "2023-07-11T09:20:12.557Z", "last_login": "2023-08-01T12:13:06.450Z", "is_admin": false, "is_staff": false, "is_active": true, "is_superadmin": false}}, {"model": "accounts.userprofile", "pk": 1, "fields": {"user": 1, "address_line_1": "Vasil Petleshkov 60", "address_line_2": "Test", "profile_picture": "userprofile/Lachezar_Indarov_zolnrtk.JPG", "city": "Smolyan", "state": "Smolyan", "country": "Bulgaria"}}, {"model": "accounts.userprofile", "pk": 2, "fields": {"user": 28, "address_line_1": "Vasil Petleshkov 60", "address_line_2": "API 61 Test", "profile_picture": "userprofile/apiautomation61.jpg", "city": "Smolyan", "state": "Smolyan", "country": "Bulgaria"}}, {"model": "store.product", "pk": 1, "fields": {"product_name": "ATX Jeans", "slug": "atx-jeans", "description": "ATX Jeans", "price": 1, "images": "photos/products/ATX-jeans.jpg", "stock": 100, "is_available": true, "category": 4, "created_date": "2023-06-07T06:35:19.010Z", "modified_date": "2023-07-27T07:58:48.838Z"}}, {"model": "store.product", "pk": 2, "fields": {"product_name": "Wrangler shirt", "slug": "wrangler-shirt", "description": "Wrangler shirt", "price": 699, "images": "photos/products/Wrangler_shirt.jpg", "stock": 2000, "is_available": true, "category": 1, "created_date": "2023-06-07T06:41:11.741Z", "modified_date": "2023-06-07T06:41:11.741Z"}}, {"model": "store.product", "pk": 3, "fields": {"product_name": "US POLO ASSN Jacket", "slug": "us-polo-assn-jacket", "description": "US POLO ASSN Jacket", "price": 899, "images": "photos/products/US_POLO_ASSN_Jacket.jpg", "stock": 300, "is_available": true, "category": 5, "created_date": "2023-06-07T06:43:44.344Z", "modified_date": "2023-06-07T06:43:44.344Z"}}, {"model": "store.product", "pk": 4, "fields": {"product_name": "Puma Ferrari Shoes", "slug": "puma-ferrari-shoes", "description": "Puma Ferrari Shoes", "price": 1099, "images": "photos/products/Puma_Ferrari_Shoes.jpg", "stock": 500, "is_available": true, "category": 3, "created_date": "2023-06-07T06:46:42.190Z", "modified_date": "2023-06-07T06:46:42.191Z"}}, {"model": "store.product", "pk": 5, "fields": {"product_name": "Mavi Jeans", "slug": "mavi-jeans", "description": "Mavi Jeans", "price": 499, "images": "photos/products/Mavi_jeans.jpg", "stock": 1000, "is_available": true, "category": 4, "created_date": "2023-06-07T06:49:13.689Z", "modified_date": "2023-06-07T06:49:13.689Z"}}, {"model": "store.product", "pk": 6, "fields": {"product_name": "Jordan Basketball Shoes", "slug": "jordan-basketball-shoes", "description": "Jordan Basketball Shoes", "price": 999, "images": "photos/products/Jordan_basketball_shoes.jpg", "stock": 500, "is_available": true, "category": 3, "created_date": "2023-06-07T06:51:34.530Z", "modified_date": "2023-06-07T06:51:34.530Z"}}, {"model": "store.product", "pk": 7, "fields": {"product_name": "Great Tshirt", "slug": "great-tshirt", "description": "Great Tshirt", "price": 119, "images": "photos/products/Great_TShirt.jpg", "stock": 0, "is_available": true, "category": 2, "created_date": "2023-06-07T06:55:05.628Z", "modified_date": "2023-06-09T07:28:49.698Z"}}, {"model": "store.product", "pk": 8, "fields": {"product_name": "RXN Blue Shirt", "slug": "rxn-blue-shirt", "description": "RXN Blue Shirt", "price": 99, "images": "photos/products/RXN_Blue_Shirt.jpg", "stock": 200, "is_available": true, "category": 1, "created_date": "2023-06-07T06:57:49.765Z", "modified_date": "2023-06-07T06:57:49.765Z"}}, {"model": "store.variation", "pk": 1, "fields": {"product": 1, "variation_category": "color", "variation_value": "White", "is_active": true, "created_date": "2023-07-04T08:06:00.191Z"}}, {"model": "store.variation", "pk": 2, "fields": {"product": 1, "variation_category": "color", "variation_value": "Blue", "is_active": true, "created_date": "2023-07-04T07:34:46.064Z"}}, {"model": "store.variation", "pk": 3, "fields": {"product": 1, "variation_category": "color", "variation_value": "Green", "is_active": true, "created_date": "2023-07-04T07:35:16.713Z"}}, {"model": "store.variation", "pk": 4, "fields": {"product": 1, "variation_category": "size", "variation_value": "Small", "is_active": true, "created_date": "2023-07-04T08:47:07.424Z"}}, {"model": "store.variation", "pk": 5, "fields": {"product": 1, "variation_category": "size", "variation_value": "Medium", "is_active": true, "created_date": "2023-07-04T08:47:21.656Z"}}, {"model": "store.variation", "pk": 6, "fields": {"product": 1, "variation_category": "size", "variation_value": "Large", "is_active": true, "created_date": "2023-07-04T08:47:31.573Z"}}, {"model": "store.reviewrating", "pk": 1, "fields": {"product": 1, "user": 1, "subject": "Super Jeans Update", "review": "Update", "rating": 3.0, "ip": "127.0.0.1", "status": true, "created_at": "2023-07-19T12:34:53.727Z", "updated_at": "2023-07-24T09:20:24.646Z"}}, {"model": "store.productgallery", "pk": 5, "fields": {"product": 1, "image": "store/products/ATX-jeans_VYjBhcf.jpg"}}, {"model": "store.productgallery", "pk": 6, "fields": {"product": 1, "image": "store/products/jeans_gGzcIal.jpg"}}, {"model": "carts.cart", "pk": 12, "fields": {"cart_id": "nhbc6mrvalypbqi381n865wyun1ar20t", "date_added": "2023-07-13"}}, {"model": "carts.cart", "pk": 13, "fields": {"cart_id": "0dpoa8e6e1ckaw5wkzfys0nu1uaxusm2", "date_added": "2023-07-13"}}, {"model": "carts.cart", "pk": 14, "fields": {"cart_id": "l2s309rnipw1danr6u4hf9awl4yf2eof", "date_added": "2023-07-13"}}, {"model": "carts.cart", "pk": 15, "fields": {"cart_id": "8gxtr07thiuhffwvbl8hfphz2oksarvz", "date_added": "2023-07-13"}}, {"model": "carts.cart", "pk": 16, "fields": {"cart_id": "w16r7kbppstr1esuvtcu54efuv4kpqoj", "date_added": "2023-07-13"}}, {"model": "carts.cart", "pk": 17, "fields": {"cart_id": "7fyi50v0q0vdq381jh5hieuflrby280r", "date_added": "2023-08-01"}}, {"model": "carts.cartitem", "pk": 52, "fields": {"user": null, "product": 1, "cart": 12, "quantity": 1, "is_active": true, "variations": [2, 5]}}, {"model": "carts.cartitem", "pk": 54, "fields": {"user": null, "product": 1, "cart": 14, "quantity": 1, "is_active": true, "variations": [2, 5]}}, {"model": "carts.cartitem", "pk": 67, "fields": {"user": null, "product": 1, "cart": 17, "quantity": 1, "is_active": true, "variations": [1, 6]}}, {"model": "orders.order", "pk": 1, "fields": {"user": 1, "payment": null, "order_number": "", "first_name": "Lachezar", "last_name": "Indarov", "phone": "51684849844", "email": "indarov.1986@gmail.com", "address_line_1": "Vasil Petleshkov 60", "address_line_2": "", "country": "Smolyan", "state": "Smolyan", "city": "Smolyan", "order_note": "Order Indarov", "order_total": 1194.0, "tax": 199.0, "status": "New", "ip": "127.0.0.1", "is_ordered": false, "created_at": "2023-07-14T11:25:47.429Z", "updated_at": "2023-07-14T11:25:47.430Z"}}, {"model": "orders.order", "pk": 2, "fields": {"user": 1, "payment": null, "order_number": "202307142", "first_name": "Lachezar", "last_name": "Indarov", "phone": "51684849844", "email": "indarov.1986@gmail.com", "address_line_1": "Vasil Petleshkov 60", "address_line_2": "", "country": "Smolyan", "state": "Smolyan", "city": "Smolyan", "order_note": "Order Indarov", "order_total": 1194.0, "tax": 199.0, "status": "New", "ip": "127.0.0.1", "is_ordered": false, "created_at": "2023-07-14T11:28:24.043Z", "updated_at": "2023-07-14T11:28:26.926Z"}}, {"model": "orders.order", "pk": 3, "fields": {"user": 1, "payment": null, "order_number": "202307143", "first_name": "Lachezar", "last_name": "Indarov", "phone": "51684849844", "email": "indarov.1986@gmail.com", "address_line_1": "Vasil Petleshkov 60", "address_line_2": "", "country": "Smolyan", "state": "Smolyan", "city": "Smolyan", "order_note": "Hello World!", "order_total": 1194.0, "tax": 199.0, "status": "New", "ip": "127.0.0.1", "is_ordered": false, "created_at": "2023-07-14T13:02:08.241Z", "updated_at": "2023-07-14T13:02:08.248Z"}}, {"model": "orders.order", "pk": 4, "fields": {"user": 1, "payment": null, "order_number": "202307144", "first_name": "Lachezar", "last_name": "Indarov", "phone": "51684849844", "email": "indarov.1986@gmail.com", "address_line_1": "Vasil Petleshkov 60", "address_line_2": "", "country": "Smolyan", "state": "Smolyan", "city": "Smolyan", "order_note": "Hello World!", "order_total": 1194.0, "tax": 199.0, "status": "New", "ip": "127.0.0.1", "is_ordered": false, "created_at": "2023-07-14T13:02:58.095Z", "updated_at": "2023-07-14T13:02:58.105Z"}}, {"model": "orders.order", "pk": 5, "fields": {"user": 1, "payment": null, "order_number": "202307145", "first_name": "Lachezar", "last_name": "Indarov", "phone": "51684849844", "email": "indarov.1986@gmail.com", "address_line_1": "Vasil Petleshkov 60", "address_line_2": "", "country": "Smolyan", "state": "Smolyan", "city": "Smolyan", "order_note": "Hello World!", "order_total": 1194.0, "tax": 199.0, "status": "New", "ip": "127.0.0.1", "is_ordered": false, "created_at": "2023-07-14T13:06:56.267Z", "updated_at": "2023-07-14T13:06:56.276Z"}}, {"model": "orders.order", "pk": 6, "fields": {"user": 1, "payment": null, "order_number": "202307146", "first_name": "Lachezar", "last_name": "Indarov", "phone": "51684849844", "email": "indarov.1986@gmail.com", "address_line_1": "Vasil Petleshkov 60", "address_line_2": "", "country": "Smolyan", "state": "Smolyan", "city": "Smolyan", "order_note": "Hello World!", "order_total": 1194.0, "tax": 199.0, "status": "New", "ip": "127.0.0.1", "is_ordered": false, "created_at": "2023-07-14T13:06:59.428Z", "updated_at": "2023-07-14T13:06:59.435Z"}}, {"model": "orders.order", "pk": 7, "fields": {"user": 1, "payment": null, "order_number": "202307147", "first_name": "Lachezar", "last_name": "Indarov", "phone": "51684849844", "email": "indarov.1986@gmail.com", "address_line_1": "Vasil Petleshkov 60", "address_line_2": "", "country": "Smolyan", "state": "Smolyan", "city": "Smolyan", "order_note": "Hello World!", "order_total": 1194.0, "tax": 199.0, "status": "New", "ip": "127.0.0.1", "is_ordered": false, "created_at": "2023-07-14T13:07:55.519Z", "updated_at": "2023-07-14T13:07:55.529Z"}}, {"model": "orders.order", "pk": 8, "fields": {"user": 1, "payment": null, "order_number": "202307148", "first_name": "Lachezar", "last_name": "Indarov", "phone": "51684849844", "email": "indarov.1986@gmail.com", "address_line_1": "Vasil Petleshkov 60", "address_line_2": "", "country": "Smolyan", "state": "Smolyan", "city": "Smolyan", "order_note": "Hello World!", "order_total": 1194.0, "tax": 199.0, "status": "New", "ip": "127.0.0.1", "is_ordered": false, "created_at": "2023-07-14T13:10:43.103Z", "updated_at": "2023-07-14T13:10:43.113Z"}}, {"model": "orders.order", "pk": 9, "fields": {"user": 1, "payment": null, "order_number": "202307149", "first_name": "Lachezar", "last_name": "Indarov", "phone": "51684849844", "email": "indarov.1986@gmail.com", "address_line_1": "Vasil Petleshkov 60", "address_line_2": "", "country": "Smolyan", "state": "Smolyan", "city": "Smolyan", "order_note": "Hello World!", "order_total": 1194.0, "tax": 199.0, "status": "New", "ip": "127.0.0.1", "is_ordered": false, "created_at": "2023-07-14T13:16:32.796Z", "updated_at": "2023-07-14T13:16:32.805Z"}}, {"model": "orders.order", "pk": 10, "fields": {"user": 1, "payment": null, "order_number": "2023071410", "first_name": "Lachezar", "last_name": "Indarov", "phone": "51684849844", "email": "indarov.1986@gmail.com", "address_line_1": "Vasil Petleshkov 60", "address_line_2": "", "country": "Smolyan", "state": "Smolyan", "city": "Smolyan", "order_note": "Hello World!", "order_total": 1194.0, "tax": 199.0, "status": "New", "ip": "127.0.0.1", "is_ordered": false, "created_at": "2023-07-14T13:19:29.884Z", "updated_at": "2023-07-14T13:19:30.237Z"}}, {"model": "orders.order", "pk": 11, "fields": {"user": 1, "payment": null, "order_number": "2023071411", "first_name": "Lachezar", "last_name": "Indarov", "phone": "51684849844", "email": "indarov.1986@gmail.com", "address_line_1": "Vasil Petleshkov 60", "address_line_2": "", "country": "Smolyan", "state": "Smolyan", "city": "Smolyan", "order_note": "Hello World!", "order_total": 1194.0, "tax": 199.0, "status": "New", "ip": "127.0.0.1", "is_ordered": false, "created_at": "2023-07-14T13:31:34.611Z", "updated_at": "2023-07-14T13:31:34.620Z"}}, {"model": "orders.order", "pk": 12, "fields": {"user": 1, "payment": null, "order_number": "2023071412", "first_name": "Lachezar", "last_name": "Indarov", "phone": "51684849844", "email": "indarov.1986@gmail.com", "address_line_1": "Vasil Petleshkov 60", "address_line_2": "", "country": "Smolyan", "state": "Smolyan", "city": "Smolyan", "order_note": "Hello World!", "order_total": 1194.0, "tax": 199.0, "status": "New", "ip": "127.0.0.1", "is_ordered": false, "created_at": "2023-07-14T13:35:30.480Z", "updated_at": "2023-07-14T13:35:30.489Z"}}, {"model": "orders.order", "pk": 13, "fields": {"user": 1, "payment": null, "order_number": "2023071413", "first_name": "Lachezar", "last_name": "Indarov", "phone": "51684849844", "email": "indarov.1986@gmail.com", "address_line_1": "Vasil Petleshkov 60", "address_line_2": "", "country": "Bulgaria", "state": "Smolyan", "city": "Smolyan", "order_note": "LEXX", "order_total": 1910.4, "tax": 318.4, "status": "New", "ip": "127.0.0.1", "is_ordered": false, "created_at": "2023-07-14T13:37:10.393Z", "updated_at": "2023-07-14T13:37:10.503Z"}}, {"model": "orders.order", "pk": 14, "fields": {"user": 1, "payment": null, "order_number": "2023071714", "first_name": "Lachezar", "last_name": "Indarov", "phone": "51684849844", "email": "indarov.1986@abv.bg", "address_line_1": "Vasil Petleshkov 60", "address_line_2": "", "country": "Bulgaria", "state": "Smolyan", "city": "Smolyan", "order_note": "", "order_total": 238.8, "tax": 39.8, "status": "New", "ip": "127.0.0.1", "is_ordered": false, "created_at": "2023-07-17T09:02:29.617Z", "updated_at": "2023-07-17T09:02:29.624Z"}}, {"model": "orders.order", "pk": 15, "fields": {"user": 1, "payment": null, "order_number": "2023071715", "first_name": "Lachezar", "last_name": "Indarov", "phone": "51684849844", "email": "indarov.1986@abv.bg", "address_line_1": "Vasil Petleshkov 60", "address_line_2": "", "country": "Bulgaria", "state": "Smolyan", "city": "Smolyan", "order_note": "", "order_total": 238.8, "tax": 39.8, "status": "New", "ip": "127.0.0.1", "is_ordered": false, "created_at": "2023-07-17T09:06:39.853Z", "updated_at": "2023-07-17T09:06:39.862Z"}}, {"model": "orders.order", "pk": 16, "fields": {"user": 1, "payment": null, "order_number": "2023071716", "first_name": "Lachezar", "last_name": "Indarov", "phone": "51684849844", "email": "indarov.1986@abv.bg", "address_line_1": "Vasil Petleshkov 60", "address_line_2": "", "country": "Bulgaria", "state": "Smolyan", "city": "Smolyan", "order_note": "", "order_total": 238.8, "tax": 39.8, "status": "New", "ip": "127.0.0.1", "is_ordered": false, "created_at": "2023-07-17T09:07:02.359Z", "updated_at": "2023-07-17T09:07:02.368Z"}}, {"model": "orders.order", "pk": 17, "fields": {"user": 1, "payment": null, "order_number": "2023071717", "first_name": "Lachezar", "last_name": "Indarov", "phone": "51684849844", "email": "indarov.1986@abv.bg", "address_line_1": "Vasil Petleshkov 60", "address_line_2": "", "country": "Bulgaria", "state": "Smolyan", "city": "Smolyan", "order_note": "", "order_total": 238.8, "tax": 39.8, "status": "New", "ip": "127.0.0.1", "is_ordered": false, "created_at": "2023-07-17T09:07:06.901Z", "updated_at": "2023-07-17T09:07:06.908Z"}}, {"model": "orders.order", "pk": 18, "fields": {"user": 1, "payment": null, "order_number": "2023071718", "first_name": "Lachezar", "last_name": "Indarov", "phone": "51684849844", "email": "indarov.1986@abv.bg", "address_line_1": "Vasil Petleshkov 60", "address_line_2": "", "country": "Bulgaria", "state": "Smolyan", "city": "Smolyan", "order_note": "", "order_total": 238.8, "tax": 39.8, "status": "New", "ip": "127.0.0.1", "is_ordered": false, "created_at": "2023-07-17T09:07:21.068Z", "updated_at": "2023-07-17T09:07:21.078Z"}}, {"model": "orders.order", "pk": 19, "fields": {"user": 1, "payment": null, "order_number": "2023071719", "first_name": "Lachezar", "last_name": "Indarov", "phone": "51684849844", "email": "indarov.1986@abv.bg", "address_line_1": "Vasil Petleshkov 60", "address_line_2": "", "country": "Bulgaria", "state": "Smolyan", "city": "Smolyan", "order_note": "", "order_total": 238.8, "tax": 39.8, "status": "New", "ip": "127.0.0.1", "is_ordered": false, "created_at": "2023-07-17T09:24:33.335Z", "updated_at": "2023-07-17T09:24:33.345Z"}}, {"model": "orders.order", "pk": 20, "fields": {"user": 1, "payment": null, "order_number": "2023071720", "first_name": "Lachezar", "last_name": "Indarov", "phone": "51684849844", "email": "indarov.1986@abv.bg", "address_line_1": "Vasil Petleshkov 60", "address_line_2": "", "country": "Bulgaria", "state": "Smolyan", "city": "Smolyan", "order_note": "", "order_total": 238.8, "tax": 39.8, "status": "New", "ip": "127.0.0.1", "is_ordered": false, "created_at": "2023-07-17T11:57:12.699Z", "updated_at": "2023-07-17T11:57:12.706Z"}}, {"model": "orders.order", "pk": 21, "fields": {"user": 1, "payment": null, "order_number": "2023071721", "first_name": "Lachezar", "last_name": "Indarov", "phone": "51684849844", "email": "indarov.1986@abv.bg", "address_line_1": "Vasil Petleshkov 60", "address_line_2": "", "country": "Bulgaria", "state": "Smolyan", "city": "Smolyan", "order_note": "", "order_total": 238.8, "tax": 39.8, "status": "New", "ip": "127.0.0.1", "is_ordered": false, "created_at": "2023-07-17T12:18:27.797Z", "updated_at": "2023-07-17T12:18:27.806Z"}}, {"model": "orders.order", "pk": 22, "fields": {"user": 1, "payment": null, "order_number": "2023071722", "first_name": "Lachezar", "last_name": "Indarov", "phone": "51684849844", "email": "indarov.1986@gmail.com", "address_line_1": "Vasil Petleshkov 60", "address_line_2": "", "country": "Bulgaria", "state": "Smolyan", "city": "Smolyan", "order_note": "", "order_total": 238.8, "tax": 39.8, "status": "New", "ip": "127.0.0.1", "is_ordered": false, "created_at": "2023-07-17T12:26:00.546Z", "updated_at": "2023-07-17T12:26:00.559Z"}}, {"model": "orders.order", "pk": 23, "fields": {"user": 1, "payment": null, "order_number": "2023071723", "first_name": "Lachezar", "last_name": "Indarov", "phone": "51684849844", "email": "indarov.1986@gmail.com", "address_line_1": "Vasil Petleshkov 60", "address_line_2": "", "country": "Bulgaria", "state": "Smolyan", "city": "Smolyan", "order_note": "", "order_total": 238.8, "tax": 39.8, "status": "New", "ip": "127.0.0.1", "is_ordered": false, "created_at": "2023-07-17T12:28:25.857Z", "updated_at": "2023-07-17T12:28:25.867Z"}}, {"model": "orders.order", "pk": 24, "fields": {"user": 1, "payment": null, "order_number": "2023071724", "first_name": "Lachezar", "last_name": "Indarov", "phone": "51684849844", "email": "indarov.1986@gmail.com", "address_line_1": "Vasil Petleshkov 60", "address_line_2": "", "country": "Bulgaria", "state": "Smolyan", "city": "Smolyan", "order_note": "", "order_total": 238.8, "tax": 39.8, "status": "New", "ip": "127.0.0.1", "is_ordered": false, "created_at": "2023-07-17T12:35:00.777Z", "updated_at": "2023-07-17T12:35:00.788Z"}}, {"model": "orders.order", "pk": 25, "fields": {"user": 28, "payment": null, "order_number": "2023071825", "first_name": "Lachezar", "last_name": "Indarov", "phone": "51684849844", "email": "indarov.1986@gmail.com", "address_line_1": "Vasil Petleshkov 60", "address_line_2": "", "country": "Bulgaria", "state": "Smolyan", "city": "Smolyan", "order_note": "", "order_total": 1432.8, "tax": 238.8, "status": "New", "ip": "127.0.0.1", "is_ordered": false, "created_at": "2023-07-18T06:35:32.087Z", "updated_at": "2023-07-18T06:35:32.186Z"}}, {"model": "orders.order", "pk": 26, "fields": {"user": 28, "payment": null, "order_number": "2023071826", "first_name": "Lachezar", "last_name": "Indarov", "phone": "51684849844", "email": "indarov.1986@gmail.com", "address_line_1": "Vasil Petleshkov 60", "address_line_2": "", "country": "Bulgaria", "state": "Smolyan", "city": "Smolyan", "order_note": "", "order_total": 1432.8, "tax": 238.8, "status": "New", "ip": "127.0.0.1", "is_ordered": false, "created_at": "2023-07-18T06:37:49.963Z", "updated_at": "2023-07-18T06:37:49.970Z"}}, {"model": "orders.order", "pk": 27, "fields": {"user": 1, "payment": null, "order_number": "2023071827", "first_name": "Lachezar", "last_name": "Indarov", "phone": "51684849844", "email": "indarov.1986@gmail.com", "address_line_1": "Vasil Petleshkov 60", "address_line_2": "", "country": "Bulgaria", "state": "Smolyan", "city": "Smolyan", "order_note": "wgwgwggweew", "order_total": 1.2, "tax": 0.2, "status": "New", "ip": "127.0.0.1", "is_ordered": false, "created_at": "2023-07-18T06:50:20.602Z", "updated_at": "2023-07-18T06:50:20.608Z"}}, {"model": "orders.order", "pk": 28, "fields": {"user": 1, "payment": null, "order_number": "2023071828", "first_name": "Lachezar", "last_name": "Indarov", "phone": "51684849844", "email": "indarov.1986@gmail.com", "address_line_1": "Vasil Petleshkov 60", "address_line_2": "", "country": "Bulgaria", "state": "Smolyan", "city": "Smolyan", "order_note": "wgwgwggweew", "order_total": 1.2, "tax": 0.2, "status": "New", "ip": "127.0.0.1", "is_ordered": false, "created_at": "2023-07-18T07:46:14.151Z", "updated_at": "2023-07-18T07:46:14.162Z"}}, {"model": "orders.order", "pk": 29, "fields": {"user": 1, "payment": null, "order_number": "2023071829", "first_name": "Lachezar", "last_name": "Indarov", "phone": "51684849844", "email": "indarov.1986@gmail.com", "address_line_1": "Vasil Petleshkov 60", "address_line_2": "", "country": "Bulgaria", "state": "Smolyan", "city": "Smolyan", "order_note": "wgwgwggweew", "order_total": 1.2, "tax": 0.2, "status": "New", "ip": "127.0.0.1", "is_ordered": false, "created_at": "2023-07-18T08:53:34.007Z", "updated_at": "2023-07-18T08:53:34.016Z"}}, {"model": "orders.order", "pk": 30, "fields": {"user": 1, "payment": null, "order_number": "2023071830", "first_name": "Lachezar", "last_name": "Indarov", "phone": "51684849844", "email": "indarov.1986@gmail.com", "address_line_1": "Vasil Petleshkov 60", "address_line_2": "", "country": "Bulgaria", "state": "Smolyan", "city": "Smolyan", "order_note": "", "order_total": 1.2, "tax": 0.2, "status": "New", "ip": "127.0.0.1", "is_ordered": false, "created_at": "2023-07-18T10:49:24.252Z", "updated_at": "2023-07-18T10:49:24.260Z"}}, {"model": "orders.order", "pk": 31, "fields": {"user": 1, "payment": null, "order_number": "2023072431", "first_name": "Lachezar", "last_name": "Indarov", "phone": "51684849844", "email": "indarov.1986@gmail.com", "address_line_1": "Vasil Petleshkov 60", "address_line_2": "", "country": "Bulgaria", "state": "Smolyan", "city": "Smolyan", "order_note": "affaaw", "order_total": 2.4, "tax": 0.4, "status": "New", "ip": "127.0.0.1", "is_ordered": false, "created_at": "2023-07-24T07:38:23.856Z", "updated_at": "2023-07-24T07:38:23.865Z"}}, {"model": "orders.order", "pk": 32, "fields": {"user": 1, "payment": null, "order_number": "2023072432", "first_name": "Lachezar", "last_name": "Indarov", "phone": "51684849844", "email": "indarov.1986@gmail.com", "address_line_1": "Vasil Petleshkov 60", "address_line_2": "", "country": "Bulgaria", "state": "Smolyan", "city": "Smolyan", "order_note": "affaaw", "order_total": 2.4, "tax": 0.4, "status": "New", "ip": "127.0.0.1", "is_ordered": false, "created_at": "2023-07-24T08:29:51.110Z", "updated_at": "2023-07-24T08:29:51.118Z"}}, {"model": "orders.order", "pk": 33, "fields": {"user": 1, "payment": null, "order_number": "2023072433", "first_name": "Lachezar", "last_name": "Indarov", "phone": "51684849844", "email": "indarov.1986@gmail.com", "address_line_1": "Vasil Petleshkov 60", "address_line_2": "", "country": "Bulgaria", "state": "Smolyan", "city": "Smolyan", "order_note": "affaaw", "order_total": 2.4, "tax": 0.4, "status": "New", "ip": "127.0.0.1", "is_ordered": false, "created_at": "2023-07-24T09:19:42.285Z", "updated_at": "2023-07-24T09:19:42.295Z"}}, {"model": "orders.order", "pk": 34, "fields": {"user": 1, "payment": null, "order_number": "2023080134", "first_name": "Lachezar", "last_name": "Indarov", "phone": "51684849844", "email": "indarov.1986@gmail.com", "address_line_1": "Vasil Petleshkov 60", "address_line_2": "", "country": "Bulgaria", "state": "Smolyan", "city": "Smolyan", "order_note": "", "order_total": 4.8, "tax": 0.8, "status": "New", "ip": "127.0.0.1", "is_ordered": false, "created_at": "2023-08-01T07:15:24.578Z", "updated_at": "2023-08-01T07:15:24.587Z"}}, {"model": "admin_honeypot.loginattempt", "pk": 1, "fields": {"username": "apiautomation61@gmail.com", "ip_address": "127.0.0.1", "session_key": "5dvedbo1dzmlk0l929trhmy1xt021jqs", "user_agent": "Mozilla/5.0 (Windows NT 10.0; Win64; x64) AppleWebKit/537.36 (KHTML, like Gecko) Chrome/114.0.0.0 Safari/537.36", "timestamp": "2023-07-27T10:30:05.968Z", "path": "/admin/login/?next=/admin/"}}, {"model": "admin_honeypot.loginattempt", "pk": 2, "fields": {"username": "indarov.1986@gmail.com", "ip_address": "127.0.0.1", "session_key": "2ydr8u544migh4rc5evklsuy2t142m6v", "user_agent": "Mozilla/5.0 (Windows NT 10.0; Win64; x64) AppleWebKit/537.36 (KHTML, like Gecko) Chrome/115.0.0.0 Safari/537.36", "timestamp": "2023-08-01T08:02:46.622Z", "path": "/admin/login/?next=/admin/"}}, {"model": "admin_honeypot.loginattempt", "pk": 3, "fields": {"username": "indarov.1986@gmail.com", "ip_address": "127.0.0.1", "session_key": "2ydr8u544migh4rc5evklsuy2t142m6v", "user_agent": "Mozilla/5.0 (Windows NT 10.0; Win64; x64) AppleWebKit/537.36 (KHTML, like Gecko) Chrome/115.0.0.0 Safari/537.36", "timestamp": "2023-08-01T08:03:02.414Z", "path": "/admin/login/?next=/admin/"}}, {"model": "admin_honeypot.loginattempt", "pk": 4, "fields": {"username": "indarov.1986@gmail.com", "ip_address": "127.0.0.1", "session_key": "2ydr8u544migh4rc5evklsuy2t142m6v", "user_agent": "Mozilla/5.0 (Windows NT 10.0; Win64; x64) AppleWebKit/537.36 (KHTML, like Gecko) Chrome/115.0.0.0 Safari/537.36", "timestamp": "2023-08-01T08:03:45.811Z", "path": "/admin/login/?next=/admin/"}}]
